{"branches": 54.761904761904766, "coverage": 65.54573952693075}